epoch,train_loss,val_loss,train_accuracy,val_accuracy
1.0,0.6390546569678391,0.6424870865602218,0.8625730994152047,0.8352941176470589
2.0,0.6351996677302577,0.6385997247089513,0.8450292397660819,0.8352941176470589
3.0,0.630324972430839,0.6336194770674036,0.8128654970760234,0.8352941176470589
4.0,0.6255216264409823,0.6287269571273333,0.8070175438596491,0.8235294117647058
5.0,0.6204585926748118,0.6236238345731524,0.7894736842105263,0.8
6.0,0.6154426020493141,0.618520369145608,0.7777777777777778,0.8
7.0,0.6105761518919572,0.6136488504983799,0.7777777777777778,0.8
8.0,0.6059498643455155,0.6089472315253163,0.7748538011695907,0.8117647058823529
9.0,0.6015105134278038,0.604459264844391,0.7807017543859649,0.8
10.0,0.5971929918658321,0.6000015631422725,0.7777777777777778,0.8117647058823529
11.0,0.5929933708952659,0.5954805369444145,0.7777777777777778,0.8117647058823529
12.0,0.5888340791337613,0.5909315036850858,0.783625730994152,0.8235294117647058
13.0,0.5847311316454501,0.5863415615016392,0.7865497076023392,0.8235294117647058
14.0,0.580646977880243,0.5817225965682069,0.7982456140350878,0.8235294117647058
15.0,0.5765603146556524,0.5770806650867881,0.8070175438596491,0.8235294117647058
16.0,0.572424768896552,0.5724356083343599,0.8304093567251462,0.8352941176470589
17.0,0.5683397964827269,0.5678250481390711,0.847953216374269,0.8352941176470589
18.0,0.5642405941646069,0.5632140152796044,0.8567251461988304,0.8352941176470589
19.0,0.5601162885753859,0.5586181817769499,0.868421052631579,0.8588235294117647
20.0,0.5559880177265947,0.5541377207185179,0.8771929824561403,0.9058823529411765
21.0,0.5517871540051694,0.5494764760730219,0.8771929824561403,0.9058823529411765
22.0,0.5475177424537594,0.5447750365332341,0.8801169590643275,0.9058823529411765
23.0,0.5432765992207592,0.5401376201605609,0.8801169590643275,0.9058823529411765
24.0,0.5389648216319157,0.5354677995266928,0.8830409356725146,0.9058823529411765
25.0,0.5346179292699549,0.5307447490082006,0.8830409356725146,0.9058823529411765
26.0,0.5302603107415615,0.5260570726145896,0.8918128654970761,0.9058823529411765
27.0,0.5258812669721571,0.5213983452730557,0.9005847953216374,0.9176470588235294
28.0,0.5214507082021664,0.5167208950072811,0.9005847953216374,0.9176470588235294
29.0,0.5170174802990269,0.5120951153144833,0.9005847953216374,0.9176470588235294
30.0,0.5125869509830644,0.5074446648350449,0.9005847953216374,0.9176470588235294
31.0,0.5081199278926675,0.502737136274286,0.9093567251461988,0.9294117647058824
32.0,0.5036347820603422,0.49803815827805453,0.9122807017543859,0.9294117647058824
33.0,0.4992161052787623,0.49351265615163015,0.9181286549707602,0.9294117647058824
34.0,0.4947288920741061,0.48884878136467563,0.9181286549707602,0.9294117647058824
35.0,0.49025642572167205,0.48432162368448656,0.9239766081871345,0.9529411764705882
36.0,0.4858340502503906,0.4798608722258114,0.9269005847953217,0.9529411764705882
37.0,0.4813565748158234,0.4752272438419664,0.9269005847953217,0.9529411764705882
38.0,0.4769025720416076,0.470626161113906,0.9269005847953217,0.9529411764705882
39.0,0.47244238371701797,0.4661105629689029,0.9298245614035088,0.9529411764705882
40.0,0.4679664913004155,0.461452985702563,0.9298245614035088,0.9529411764705882
41.0,0.4635398348952278,0.4569255804194854,0.9298245614035088,0.9529411764705882
42.0,0.4590967910437182,0.45236725029688013,0.9298245614035088,0.9529411764705882
43.0,0.45464953832564997,0.44776033554246525,0.9298245614035088,0.9529411764705882
44.0,0.45025227526023376,0.44343636483197957,0.9298245614035088,0.9529411764705882
45.0,0.44586789364006335,0.4391673583584338,0.9327485380116959,0.9529411764705882
46.0,0.44150623214419193,0.43504648352299374,0.9385964912280702,0.9529411764705882
47.0,0.43723354997520103,0.43105328376905633,0.9473684210526315,0.9529411764705882
48.0,0.43299908526606284,0.427017046086404,0.9473684210526315,0.9529411764705882
49.0,0.42869362753226936,0.42273211131481137,0.9473684210526315,0.9529411764705882
50.0,0.42442728849178296,0.418474448916415,0.9502923976608187,0.9529411764705882
51.0,0.4201888285752676,0.41422695932248915,0.9502923976608187,0.9529411764705882
52.0,0.4160011601574141,0.410181022018291,0.9502923976608187,0.9529411764705882
53.0,0.41180916390603656,0.4058515290966437,0.9502923976608187,0.9529411764705882
54.0,0.4076639583577381,0.40177397977390406,0.9502923976608187,0.9529411764705882
55.0,0.40356205071825285,0.3976423098483649,0.9473684210526315,0.9529411764705882
56.0,0.39947902158531046,0.393631207904854,0.9473684210526315,0.9529411764705882
57.0,0.3954885713209833,0.38979436404760265,0.9502923976608187,0.9529411764705882
58.0,0.39159792097962937,0.38610384276920656,0.9502923976608187,0.9529411764705882
59.0,0.38775947809128014,0.38260017908655536,0.9502923976608187,0.9529411764705882
60.0,0.3838957588213706,0.37876447356595866,0.9502923976608187,0.9529411764705882
61.0,0.3801085649968493,0.37514874561389405,0.9502923976608187,0.9529411764705882
62.0,0.37631955848682486,0.3712823717733147,0.9502923976608187,0.9529411764705882
63.0,0.3726006329401934,0.36771365083070445,0.9502923976608187,0.9529411764705882
64.0,0.36892452092944145,0.3642429749687222,0.9532163742690059,0.9529411764705882
65.0,0.3652802448831108,0.36067836716775786,0.9532163742690059,0.9529411764705882
66.0,0.36174808579995515,0.35750842034191493,0.9532163742690059,0.9529411764705882
67.0,0.35827235497473936,0.3543914947218938,0.9532163742690059,0.9529411764705882
68.0,0.35484537431536994,0.35130104781986343,0.9532163742690059,0.9529411764705882
69.0,0.3514842392554188,0.34817811271495613,0.9532163742690059,0.9529411764705882
70.0,0.34811825388196976,0.34493838122022946,0.9532163742690059,0.9647058823529412
71.0,0.3447758980312958,0.3414458689770694,0.9532163742690059,0.9647058823529412
72.0,0.34152650281819186,0.3381220389891292,0.9532163742690059,0.9647058823529412
73.0,0.33829890493588705,0.33506139601595525,0.9532163742690059,0.9647058823529412
74.0,0.33515333719578083,0.3322576798374208,0.9532163742690059,0.9647058823529412
75.0,0.33204667970678103,0.32949661541939157,0.956140350877193,0.9647058823529412
76.0,0.32896545686636447,0.32641070342224876,0.956140350877193,0.9647058823529412
77.0,0.3259365825558126,0.3234187450785458,0.956140350877193,0.9647058823529412
78.0,0.32297954883272956,0.32047425679232394,0.956140350877193,0.9647058823529412
79.0,0.3200873936434561,0.3181574565305635,0.956140350877193,0.9647058823529412
80.0,0.3172373428578282,0.31551902893341066,0.9590643274853801,0.9647058823529412
81.0,0.3144227656234445,0.3127792384444995,0.9590643274853801,0.9647058823529412
82.0,0.311659076593964,0.3101145190660227,0.9590643274853801,0.9647058823529412
83.0,0.30894381262848936,0.30746943126022647,0.956140350877193,0.9647058823529412
84.0,0.306308424866558,0.3051187838713515,0.956140350877193,0.9647058823529412
85.0,0.3037304127739859,0.3029245760094496,0.956140350877193,0.9647058823529412
86.0,0.3011674227680389,0.3005380934866916,0.956140350877193,0.9647058823529412
87.0,0.2986586129922878,0.2983338529732412,0.9590643274853801,0.9647058823529412
88.0,0.2962898910965034,0.29649993794278795,0.9590643274853801,0.9647058823529412
89.0,0.29383597322965976,0.29406616440236183,0.9590643274853801,0.9647058823529412
90.0,0.2913823778670825,0.2913954742921427,0.9590643274853801,0.9647058823529412
91.0,0.2890586136884002,0.2891991371783943,0.9590643274853801,0.9647058823529412
92.0,0.2867742672960466,0.2869927943381222,0.9590643274853801,0.9647058823529412
93.0,0.28447646702806567,0.2845839764976713,0.956140350877193,0.9647058823529412
94.0,0.28231417222351324,0.282933449391501,0.9590643274853801,0.9647058823529412
95.0,0.28014528850478526,0.28097260505039695,0.9590643274853801,0.9647058823529412
96.0,0.27801786013003327,0.27913392538806947,0.9619883040935673,0.9647058823529412
97.0,0.27592854954922214,0.2772833429232259,0.9619883040935673,0.9647058823529412
98.0,0.273922942539296,0.27563586814721375,0.9619883040935673,0.9647058823529412
99.0,0.27191757015181184,0.2738758971418851,0.9619883040935673,0.9647058823529412
100.0,0.2699302457691451,0.27213540674777326,0.9619883040935673,0.9647058823529412
101.0,0.26789011963198855,0.2699922299008358,0.9619883040935673,0.9647058823529412
102.0,0.26593837969642936,0.2681217628894947,0.9619883040935673,0.9647058823529412
103.0,0.2639717956741543,0.26605388684523984,0.9619883040935673,0.9647058823529412
104.0,0.26204853175182385,0.2642015713254616,0.9619883040935673,0.9647058823529412
105.0,0.26013526641369833,0.26214861955762875,0.9619883040935673,0.9647058823529412
106.0,0.2582294108676799,0.25993316002986133,0.9619883040935673,0.9647058823529412
107.0,0.25643035660608193,0.25808382405685026,0.9590643274853801,0.9647058823529412
108.0,0.25466757426735276,0.2563577344925564,0.9590643274853801,0.9647058823529412
109.0,0.2529473287989143,0.25491414982547944,0.9590643274853801,0.9647058823529412
110.0,0.2512739034305375,0.25350534100000804,0.9619883040935673,0.9647058823529412
111.0,0.2495941453361972,0.2518703665761603,0.9619883040935673,0.9647058823529412
112.0,0.2479571184611377,0.25044766310918204,0.9619883040935673,0.9647058823529412
113.0,0.24635868432346178,0.2491035057531726,0.9619883040935673,0.9647058823529412
114.0,0.24477505926038065,0.2476107507375952,0.9619883040935673,0.9647058823529412
115.0,0.24324540229597516,0.24639635969326443,0.9649122807017544,0.9647058823529412
116.0,0.24165832847228516,0.2446737136884716,0.9649122807017544,0.9647058823529412
117.0,0.24015737096880563,0.24331541654123034,0.9649122807017544,0.9647058823529412
118.0,0.2386366257465119,0.24153638197302987,0.9619883040935673,0.9647058823529412
119.0,0.23717751820882185,0.24012537602332854,0.9619883040935673,0.9647058823529412
120.0,0.2358212936645074,0.23931317332377264,0.9649122807017544,0.9647058823529412
121.0,0.23444893112663848,0.23818679483472716,0.9619883040935673,0.9647058823529412
122.0,0.23306062597435956,0.23682950487150892,0.9619883040935673,0.9647058823529412
123.0,0.23169121819172836,0.23556831953844806,0.9619883040935673,0.9647058823529412
124.0,0.23032970627865662,0.23427307999591845,0.9619883040935673,0.9647058823529412
125.0,0.22901752022622657,0.2331115930931811,0.9619883040935673,0.9647058823529412
126.0,0.22770176110987164,0.23190900446820598,0.9619883040935673,0.9647058823529412
127.0,0.22637815498922914,0.2304168909911117,0.9649122807017544,0.9647058823529412
128.0,0.22506770857070701,0.22910133725760035,0.9649122807017544,0.9647058823529412
129.0,0.22383292899000326,0.22802126515795293,0.9649122807017544,0.9647058823529412
130.0,0.222660444596566,0.22720005454073566,0.9619883040935673,0.9647058823529412
131.0,0.22145878233801877,0.2260641839282012,0.9619883040935673,0.9647058823529412
132.0,0.2202640857265186,0.22498826548836984,0.9619883040935673,0.9647058823529412
133.0,0.21910102457981004,0.2239193847826757,0.9619883040935673,0.9647058823529412
134.0,0.21798045223334622,0.22292398213271442,0.9619883040935673,0.9647058823529412
135.0,0.21682602527911646,0.22180943564184352,0.9619883040935673,0.9647058823529412
136.0,0.2156741828505302,0.2205781776507258,0.9619883040935673,0.9647058823529412
137.0,0.2145673956948421,0.21960217924107822,0.9619883040935673,0.9647058823529412
138.0,0.21342754731598032,0.21832113468056774,0.9619883040935673,0.9647058823529412
139.0,0.21230313021558903,0.21694999862388806,0.9619883040935673,0.9647058823529412
140.0,0.21126925086414744,0.2162529569732612,0.9619883040935673,0.9647058823529412
141.0,0.21027147574995425,0.21562920934890079,0.9649122807017544,0.9647058823529412
142.0,0.20922255225067976,0.21464482352620304,0.9649122807017544,0.9647058823529412
143.0,0.2082938591026558,0.2142284012770676,0.9678362573099415,0.9647058823529412
144.0,0.20728550061297124,0.2132899185426361,0.9678362573099415,0.9647058823529412
145.0,0.20628905062759242,0.21244044320641547,0.9678362573099415,0.9647058823529412
146.0,0.20529601376355205,0.21152783534734057,0.9678362573099415,0.9647058823529412
147.0,0.20436580339637953,0.2109139190743094,0.9678362573099415,0.9647058823529412
148.0,0.2033439874524224,0.2097424688601751,0.9678362573099415,0.9647058823529412
149.0,0.20231931710769463,0.2084663362586199,0.9678362573099415,0.9647058823529412
150.0,0.20140267301924425,0.2076673978359757,0.9678362573099415,0.9647058823529412
151.0,0.20049779699590323,0.2068348702905234,0.9678362573099415,0.9647058823529412
152.0,0.1996087734339751,0.20603759516131065,0.9678362573099415,0.9647058823529412
153.0,0.19866494747683325,0.2048356426345875,0.9649122807017544,0.9647058823529412
154.0,0.19775000537106988,0.20379256272467133,0.9649122807017544,0.9647058823529412
155.0,0.19694017681770828,0.20341578195904184,0.9678362573099415,0.9647058823529412
156.0,0.1961643171555901,0.2031039879288939,0.9678362573099415,0.9647058823529412
157.0,0.1954041326126423,0.20274915892994055,0.9649122807017544,0.9647058823529412
158.0,0.19438131885390547,0.20108012201231104,0.9678362573099415,0.9647058823529412
159.0,0.1935178988647312,0.2001213294037108,0.9678362573099415,0.9647058823529412
160.0,0.19265499357878604,0.1990314009484926,0.9649122807017544,0.9647058823529412
161.0,0.19181924333727532,0.19803624961979396,0.9649122807017544,0.9647058823529412
162.0,0.1910103573503206,0.19722577369042882,0.9649122807017544,0.9647058823529412
163.0,0.1902754001631269,0.196907438639087,0.9649122807017544,0.9647058823529412
164.0,0.18952236592001945,0.19629381984586758,0.9678362573099415,0.9647058823529412
165.0,0.18883087634725204,0.1960854915438396,0.9678362573099415,0.9647058823529412
166.0,0.18817662192593615,0.19589761987262116,0.9649122807017544,0.9647058823529412
167.0,0.1873973522758639,0.1950454298001336,0.9649122807017544,0.9647058823529412
168.0,0.18682451570394953,0.1951107492515088,0.9649122807017544,0.9647058823529412
169.0,0.186168695511147,0.19481600653627282,0.9649122807017544,0.9647058823529412
170.0,0.18547344244952013,0.19429403632474782,0.9649122807017544,0.9647058823529412
171.0,0.18457931376451708,0.19291795465666414,0.9649122807017544,0.9647058823529412
172.0,0.18372479177062884,0.19158593712145505,0.9649122807017544,0.9647058823529412
173.0,0.18293037528067366,0.1905256754272213,0.9649122807017544,0.9647058823529412
174.0,0.18213197346498855,0.18932192268397594,0.9649122807017544,0.9647058823529412
175.0,0.181507761939642,0.18912424361781352,0.9649122807017544,0.9647058823529412
176.0,0.18092126237060135,0.18906674729809736,0.9649122807017544,0.9647058823529412
177.0,0.1802344556654338,0.1884108190494724,0.9649122807017544,0.9647058823529412
178.0,0.17956779956902444,0.1878232271296033,0.9649122807017544,0.9647058823529412
179.0,0.178970075673205,0.1875295604820392,0.9649122807017544,0.9647058823529412
180.0,0.17821437145267224,0.18645985584696442,0.9649122807017544,0.9647058823529412
181.0,0.17750024194857772,0.18544625395352302,0.9649122807017544,0.9647058823529412
182.0,0.17678252362424676,0.18434831132202548,0.9649122807017544,0.9647058823529412
183.0,0.1761810512511463,0.18399728165785695,0.9649122807017544,0.9647058823529412
184.0,0.17562454298642716,0.183836829231457,0.9649122807017544,0.9647058823529412
185.0,0.17512478816525812,0.1838610621519495,0.9649122807017544,0.9647058823529412
186.0,0.17451272552209215,0.1833057605888468,0.9649122807017544,0.9647058823529412
187.0,0.1739025098595908,0.18271957375469652,0.9649122807017544,0.9647058823529412
188.0,0.17321833258319044,0.1817971143726589,0.9649122807017544,0.9647058823529412
189.0,0.17259368770447495,0.18116868865366081,0.9649122807017544,0.9647058823529412
190.0,0.17194925260783583,0.18034268724650057,0.9649122807017544,0.9647058823529412
191.0,0.17134268178983203,0.17970894951873978,0.9649122807017544,0.9647058823529412
192.0,0.1707197234480628,0.17889899755037467,0.9649122807017544,0.9647058823529412
193.0,0.17010712326893998,0.17806023056150855,0.9649122807017544,0.9647058823529412
194.0,0.16951828304981745,0.1773491665007459,0.9649122807017544,0.9647058823529412
195.0,0.16895197566141268,0.1768257453968808,0.9649122807017544,0.9647058823529412
196.0,0.16840221611876172,0.17635712186710226,0.9649122807017544,0.9647058823529412
197.0,0.16787265817764038,0.17603580450359887,0.9649122807017544,0.9647058823529412
198.0,0.16743114913316945,0.17619794232479238,0.9678362573099415,0.9647058823529412
199.0,0.16695117991347908,0.175962562240086,0.9678362573099415,0.9647058823529412
200.0,0.1664166994619107,0.1754630244298945,0.9678362573099415,0.9647058823529412
201.0,0.1657838507479455,0.17448853845524126,0.9678362573099415,0.9647058823529412
202.0,0.1652292960234608,0.17381001324328701,0.9678362573099415,0.9647058823529412
203.0,0.1647746521293401,0.1737146101935698,0.9678362573099415,0.9647058823529412
204.0,0.1643332593494916,0.17368293925176811,0.9678362573099415,0.9647058823529412
205.0,0.16380767609392521,0.17316289909811816,0.9678362573099415,0.9647058823529412
206.0,0.16321655490075698,0.17227357812871572,0.9678362573099415,0.9647058823529412
207.0,0.16269519685180184,0.17172741866661084,0.9678362573099415,0.9647058823529412
208.0,0.16215707295382295,0.17102338545177842,0.9678362573099415,0.9647058823529412
209.0,0.161622769110613,0.17032634321134746,0.9678362573099415,0.9647058823529412
210.0,0.1611439901025048,0.16988940963319693,0.9678362573099415,0.9647058823529412
211.0,0.16061345716114786,0.16916395279385996,0.9678362573099415,0.9647058823529412
212.0,0.16010693632061698,0.1685595861044299,0.9678362573099415,0.9647058823529412
213.0,0.1596424678670312,0.1683298347400629,0.9678362573099415,0.9647058823529412
214.0,0.1591502112464113,0.1678359701417659,0.9678362573099415,0.9647058823529412
215.0,0.1586943188158263,0.1675065706483986,0.9678362573099415,0.9647058823529412
216.0,0.15821895529721486,0.16704164858920048,0.9678362573099415,0.9647058823529412
217.0,0.15783331949212903,0.1670322722801754,0.9678362573099415,0.9647058823529412
218.0,0.15743080587329722,0.1669081973901245,0.9678362573099415,0.9647058823529412
219.0,0.15704569703444288,0.1668501291632905,0.9678362573099415,0.9647058823529412
220.0,0.15652986863387608,0.16612943649834938,0.9678362573099415,0.9647058823529412
221.0,0.15598901970856224,0.16517628203256762,0.9678362573099415,0.9647058823529412
222.0,0.15543177437465325,0.16404230089260458,0.9678362573099415,0.9647058823529412
223.0,0.15500849163693128,0.16383094616272245,0.9678362573099415,0.9647058823529412
224.0,0.15458488423543368,0.16356960167667647,0.9678362573099415,0.9647058823529412
225.0,0.15414276988191633,0.16317462845689884,0.9678362573099415,0.9647058823529412
226.0,0.15376400020199865,0.16309629703280484,0.9678362573099415,0.9647058823529412
227.0,0.1533540809777982,0.1627952243286086,0.9678362573099415,0.9647058823529412
228.0,0.15281490661486363,0.1615831846403233,0.9678362573099415,0.9647058823529412
229.0,0.15243495014856723,0.1615470306920477,0.9678362573099415,0.9647058823529412
230.0,0.15199730526091257,0.16097609511935893,0.9678362573099415,0.9647058823529412
231.0,0.15162399148424133,0.16086181462551097,0.9678362573099415,0.9647058823529412
232.0,0.15128875729044064,0.16095696938866552,0.9678362573099415,0.9647058823529412
233.0,0.1509417688460262,0.16092806853657424,0.9678362573099415,0.9647058823529412
234.0,0.15048776595397806,0.1603186127384656,0.9678362573099415,0.9647058823529412
235.0,0.15008090453120346,0.15986854624523014,0.9678362573099415,0.9647058823529412
236.0,0.14962747462738454,0.15910593149856156,0.9678362573099415,0.9647058823529412
237.0,0.14920286329758142,0.15857867984917298,0.9678362573099415,0.9647058823529412
238.0,0.14880606722185255,0.15822519322253778,0.9678362573099415,0.9647058823529412
239.0,0.14850364284559525,0.15839685597211423,0.9678362573099415,0.9647058823529412
240.0,0.14817956793651926,0.15839540552110354,0.9678362573099415,0.9647058823529412
241.0,0.14781468253375862,0.15813366626246883,0.9678362573099415,0.9647058823529412
242.0,0.14748280340154346,0.1580031791175472,0.9678362573099415,0.9647058823529412
243.0,0.14711941812001655,0.15772004861695593,0.9678362573099415,0.9647058823529412
244.0,0.14671487921967657,0.1572453671756626,0.9678362573099415,0.9647058823529412
245.0,0.14621701620311503,0.15633404019415956,0.9678362573099415,0.9647058823529412
246.0,0.14580861042340154,0.15582847760449056,0.9678362573099415,0.9647058823529412
247.0,0.14539204765656086,0.1552746254561341,0.9678362573099415,0.9647058823529412
248.0,0.14501501457259924,0.1549259682725907,0.9678362573099415,0.9647058823529412
249.0,0.14458850317316613,0.15419659401024893,0.9678362573099415,0.9647058823529412
250.0,0.14425619719841035,0.15405564105822472,0.9678362573099415,0.9647058823529412
251.0,0.1439198744101647,0.15382866836348588,0.9678362573099415,0.9647058823529412
252.0,0.14361040430762576,0.15373754113968902,0.9678362573099415,0.9647058823529412
253.0,0.14321061643149277,0.15307461082696588,0.9678362573099415,0.9647058823529412
254.0,0.14298011687023585,0.153420938788861,0.9678362573099415,0.9647058823529412
255.0,0.14265370141279649,0.15321369609636015,0.9678362573099415,0.9647058823529412
256.0,0.14225789316996668,0.15262234780180864,0.9678362573099415,0.9647058823529412
257.0,0.14195660592509546,0.1525286636085137,0.9678362573099415,0.9647058823529412
258.0,0.1415786003087155,0.15202848177469727,0.9678362573099415,0.9647058823529412
259.0,0.14134736954718544,0.15226507892903313,0.9649122807017544,0.9647058823529412
260.0,0.14099169002642623,0.1519001800793242,0.9649122807017544,0.9647058823529412
261.0,0.14066185866977018,0.15162078788203395,0.9649122807017544,0.9647058823529412
262.0,0.1403321803270683,0.1512934457605805,0.9649122807017544,0.9647058823529412
263.0,0.14000984584093198,0.15100602244267142,0.9649122807017544,0.9647058823529412
264.0,0.13959907672576055,0.1502430722652944,0.9678362573099415,0.9647058823529412
265.0,0.13910126120688807,0.14886365908951857,0.9678362573099415,0.9764705882352941
266.0,0.13872944024146774,0.14812193443295035,0.9707602339181286,0.9764705882352941
267.0,0.1384585057085976,0.1482102773996803,0.9678362573099415,0.9764705882352941
268.0,0.1381802616073872,0.14818809640787162,0.9678362573099415,0.9764705882352941
269.0,0.1379278242385044,0.1483246310529799,0.9678362573099415,0.9764705882352941
270.0,0.13775324927060575,0.14874760069725632,0.9649122807017544,0.9647058823529412
271.0,0.13747425396404384,0.14860288529601812,0.9649122807017544,0.9647058823529412
272.0,0.13716044344069334,0.14827432935835685,0.9649122807017544,0.9764705882352941
273.0,0.13694162989293251,0.14837488705843657,0.9678362573099415,0.9647058823529412
274.0,0.13656495380945977,0.1477717725256252,0.9649122807017544,0.9764705882352941
275.0,0.13623107346247024,0.147334353272121,0.9649122807017544,0.9764705882352941
276.0,0.13595087596889932,0.14717500364464225,0.9678362573099415,0.9764705882352941
277.0,0.1356813544717705,0.1470073682509024,0.9678362573099415,0.9764705882352941
278.0,0.13538547422452565,0.14672147838225155,0.9678362573099415,0.9764705882352941
279.0,0.13514650585619647,0.14668348618361363,0.9678362573099415,0.9764705882352941
280.0,0.13480399963907205,0.1461730719860831,0.9678362573099415,0.9764705882352941
281.0,0.1343868375594982,0.14525089965230564,0.9649122807017544,0.9764705882352941
282.0,0.1340699470618498,0.14485587964653301,0.9649122807017544,0.9764705882352941
283.0,0.13378742745833083,0.14465318725633702,0.9649122807017544,0.9764705882352941
284.0,0.1334881069975699,0.14429823027980057,0.9649122807017544,0.9764705882352941
285.0,0.13325297177286732,0.1443176691378368,0.9649122807017544,0.9764705882352941
286.0,0.13283060528198157,0.14319803609906,0.9707602339181286,0.9764705882352941
287.0,0.13251836363531372,0.14274637973588997,0.9707602339181286,0.9764705882352941
288.0,0.1322745230430778,0.14267164238218286,0.9707602339181286,0.9764705882352941
289.0,0.13199190742061653,0.1423499742328735,0.9707602339181286,0.9764705882352941
290.0,0.13174696669282665,0.14225605301853483,0.9678362573099415,0.9764705882352941
291.0,0.13168223882745972,0.1431655667791829,0.9678362573099415,0.9764705882352941
292.0,0.13144906441702697,0.1431272984766855,0.9678362573099415,0.9764705882352941
293.0,0.13126891599339768,0.14326727639949308,0.9707602339181286,0.9764705882352941
294.0,0.13118640488308608,0.14376188419806182,0.9707602339181286,0.9764705882352941
295.0,0.13077958686431024,0.14296117708038927,0.9707602339181286,0.9764705882352941
296.0,0.13036491945161402,0.14202380454352478,0.9707602339181286,0.9764705882352941
297.0,0.13000055212539283,0.14129701578933174,0.9707602339181286,0.9764705882352941
298.0,0.12968469590884343,0.140769897066388,0.9707602339181286,0.9764705882352941
299.0,0.12934485856918285,0.14001083500316797,0.9678362573099415,0.9764705882352941
300.0,0.1290675104419117,0.1396845460771403,0.9678362573099415,0.9764705882352941
301.0,0.1287741822037151,0.139255760792081,0.9678362573099415,0.9764705882352941
302.0,0.12853197377276,0.13922964636815222,0.9707602339181286,0.9764705882352941
303.0,0.128228040184099,0.13869485574451476,0.9678362573099415,0.9764705882352941
304.0,0.12800596902974407,0.13872663888121314,0.9707602339181286,0.9764705882352941
305.0,0.12776354006633725,0.13865339620653663,0.9707602339181286,0.9764705882352941
306.0,0.12743478051867188,0.13792314424019314,0.9707602339181286,0.9764705882352941
307.0,0.1272339546217698,0.13809975963370782,0.9707602339181286,0.9764705882352941
308.0,0.12701708066502737,0.13811857641288564,0.9736842105263158,0.9764705882352941
309.0,0.1267985092930574,0.13810175292658045,0.9736842105263158,0.9764705882352941
310.0,0.12651759022889617,0.13771699739016632,0.9736842105263158,0.9764705882352941
311.0,0.12618779724711773,0.13689817754059008,0.9707602339181286,0.9764705882352941
312.0,0.12600240695896345,0.13708673880398212,0.9736842105263158,0.9764705882352941
313.0,0.1257899946874368,0.13700089210670538,0.9736842105263158,0.9764705882352941
314.0,0.1256057155399151,0.13710921765282016,0.9736842105263158,0.9764705882352941
315.0,0.12531010551301486,0.13661555949039836,0.9736842105263158,0.9764705882352941
316.0,0.12504219585213633,0.1362522986824077,0.9736842105263158,0.9764705882352941
317.0,0.12479077604911883,0.13594275485227797,0.9736842105263158,0.9764705882352941
318.0,0.12458204553749451,0.13586324766594932,0.9736842105263158,0.9764705882352941
319.0,0.12433645301564918,0.1354972005111824,0.9736842105263158,0.9764705882352941
320.0,0.12406147453820511,0.134964712357658,0.9707602339181286,0.9764705882352941
321.0,0.12383142917525235,0.1347470796075156,0.9707602339181286,0.9764705882352941
322.0,0.12364752929894561,0.13484539560871397,0.9736842105263158,0.9764705882352941
323.0,0.1234107333970092,0.1345991446047461,0.9736842105263158,0.9764705882352941
324.0,0.12331376276063352,0.1352150012313129,0.9736842105263158,0.9764705882352941
325.0,0.12313385101312023,0.13525895186958997,0.9736842105263158,0.9764705882352941
326.0,0.12287907454130204,0.13491407254338234,0.9736842105263158,0.9764705882352941
327.0,0.12257331877989974,0.134217458122736,0.9736842105263158,0.9764705882352941
328.0,0.12226406514854302,0.13345587040789164,0.9736842105263158,0.9764705882352941
329.0,0.12209430911389443,0.13363132159090754,0.9736842105263158,0.9764705882352941
330.0,0.12199117208769908,0.13411920618192855,0.9736842105263158,0.9764705882352941
331.0,0.12175650567347777,0.13383840895957788,0.9736842105263158,0.9764705882352941
332.0,0.12147321326186951,0.13329499835103112,0.9736842105263158,0.9764705882352941
333.0,0.12121176564135773,0.13280881033967296,0.9736842105263158,0.9764705882352941
334.0,0.12095320872280783,0.13227887067495295,0.9736842105263158,0.9764705882352941
335.0,0.12082103077980537,0.13264283488935946,0.9736842105263158,0.9764705882352941
336.0,0.12075162077811269,0.13319537544478996,0.9736842105263158,0.9764705882352941
337.0,0.12071205572486995,0.13377343941992065,0.9736842105263158,0.9764705882352941
338.0,0.12045484876742636,0.13340726864996616,0.9736842105263158,0.9764705882352941
339.0,0.12007105380640498,0.1323605642622801,0.9736842105263158,0.9764705882352941
340.0,0.11972726681615624,0.1313949688031962,0.9736842105263158,0.9764705882352941
341.0,0.11950100401472033,0.1310568308980635,0.9736842105263158,0.9764705882352941
342.0,0.1192889493296457,0.13086574010221558,0.9736842105263158,0.9764705882352941
343.0,0.11904601664389572,0.13040621737997143,0.9736842105263158,0.9764705882352941
344.0,0.11884901979423582,0.13027090582184725,0.9736842105263158,0.9764705882352941
345.0,0.11865841119217502,0.13015107297504455,0.9736842105263158,0.9764705882352941
346.0,0.11844597352300744,0.12985684742460424,0.9736842105263158,0.9764705882352941
347.0,0.11828963546059311,0.1300080925293342,0.9736842105263158,0.9764705882352941
348.0,0.11814730374521579,0.13024544880266445,0.9736842105263158,0.9764705882352941
349.0,0.11799565511672791,0.1303040067374762,0.9736842105263158,0.9764705882352941
350.0,0.11792260649649101,0.1307963528147604,0.9766081871345029,0.9764705882352941
351.0,0.11768354109271931,0.13041168267356906,0.9736842105263158,0.9764705882352941
352.0,0.11739272915095031,0.1297657714827343,0.9736842105263158,0.9764705882352941
353.0,0.11718708873495277,0.12952210549237572,0.9736842105263158,0.9764705882352941
354.0,0.11707357419923245,0.12978064212393722,0.9736842105263158,0.9764705882352941
355.0,0.11684796351410942,0.1294383409609818,0.9736842105263158,0.9764705882352941
356.0,0.11662031140968833,0.12909522658010256,0.9736842105263158,0.9764705882352941
357.0,0.11639305929760196,0.12869098883074837,0.9736842105263158,0.9764705882352941
358.0,0.11616755156173607,0.12831844733080722,0.9736842105263158,0.9764705882352941
359.0,0.1160586773680204,0.1286638375848441,0.9736842105263158,0.9764705882352941
360.0,0.11589603677640094,0.1285865013843151,0.9766081871345029,0.9764705882352941
361.0,0.11557294503935357,0.12755431200600156,0.9736842105263158,0.9764705882352941
362.0,0.1153591897001748,0.12719617502644623,0.9736842105263158,0.9764705882352941
363.0,0.11527636690466214,0.12777287886659897,0.9736842105263158,0.9764705882352941
364.0,0.11510017067032603,0.12766544473256689,0.9736842105263158,0.9764705882352941
365.0,0.114925831798315,0.12751764079251743,0.9766081871345029,0.9764705882352941
366.0,0.11477372712117914,0.12753074031788245,0.9766081871345029,0.9764705882352941
367.0,0.1145306025673286,0.12695775833156872,0.9736842105263158,0.9764705882352941
368.0,0.1142786315300051,0.126257829371453,0.9736842105263158,0.9764705882352941
369.0,0.11409607261953922,0.1261262357537715,0.9736842105263158,0.9764705882352941
370.0,0.11396495984513409,0.1262917624654478,0.9736842105263158,0.9764705882352941
371.0,0.11382056472744746,0.12634653523348238,0.9736842105263158,0.9764705882352941
372.0,0.11374877093161706,0.12682509816059118,0.9766081871345029,0.9764705882352941
373.0,0.11358650735283271,0.12673466567853175,0.9766081871345029,0.9764705882352941
374.0,0.11353385083902702,0.12717298743789143,0.9766081871345029,0.9764705882352941
375.0,0.11341986637547154,0.12728464763592706,0.9766081871345029,0.9764705882352941
